university,international_students,size
Aalborg University,2.474,L
Aalto University,"2,202",L
Aarhus University,"2,911",L
Abai Kazakh National Pedagogical University,333,L
Aberystwyth University,1.392,M
Abo Akademi University,551,M
Abu Dhabi University,2.426,S
Academician Y.A. Buketov Karaganda University,572,M
"Adam Mickiewicz University, Poznań",1.157,XL
AGH University of Science and Technology,483,L
Ain Shams University,9.128,XL
Airlangga University,495,L
Aix-Marseille University,8.651,XL
Ajman University,4.089,M
Ajou University,1.001,M
Akdeniz Üniversitesi,103,XL
Al Ain University,1.596,S
Al Quds University The Arab University in Jerusalem,537,M
Al-Azhar University,"20,664",XL
Al-Balqa Applied University,"1,647",L
Al-Farabi Kazakh National University,"3,054",L
Albert-Ludwigs-Universitaet Freiburg,"3,883",L
Alexandria University,"5,325",XL
Alexandru Ioan Cuza University,"1,754",L
Aligarh Muslim University,386,L
Alma Mater Studiorum - University of Bologna,"5,536",XL
Altai State University,1,M
American University,1.305,M
American University in Dubai,1,S
American University of Beirut (AUB),"1,724",M
American University of Sharjah,3.199,S
American University of the Middle East,661,M
Amirkabir University of Technology,235,M
Amity University,"3,639",XL
Amrita Vishwa Vidyapeetham,273,L
An-Najah National University,"2,144",L
Anadolu University,730,L
Ankara Üniversitesi,3.661,XL
Anna University,197,L
Aoyama Gakuin University,630,L
Applied Science University - Bahrain,341,S
Aristotle University of Thessaloniki,4.696,XL
Arizona State University,"8,430",XL
Assiut University,"1,462",XL
Aston University,2,M
Ateneo de Manila University,372,M
Athens University of Economics and Business,564,M
Auburn University,2,L
Auckland University of Technology (AUT),8.926,L
Auezov South Kazakhstan University (SKU),2.22,L
Australian Catholic University,4.788,L
Azerbaijan State University of Economics,362,L
Babes-Bolyai University,"1,568",XL
Bahauddin Zakariya University,10,XL
Baku State University,364,L
Banaras Hindu University,436,XL
Bandung Institute of Technology (ITB),613,L
Bangladesh University of Engineering and Technology,11,M
Bangor University,2.196,M
Bar-Ilan University,990,L
Bauman Moscow State Technical University,"2,370",L
Baylor University,777,L
Beihang University (former BUAA),1.575,XL
Beijing Foreign Studies University,1.559,M
Beijing Institute of Technology,2.115,XL
Beijing Jiaotong University,3,L
Beijing Normal University,"3,288",L
Beijing University of Chinese Medicine,904,M
Beijing University of Posts and Telecommunications,350,L
Beijing University of Technology,785,L
Beirut Arab University,1.22,M
Belarusian National Technical University (BNTU),1.727,L
Belarusian State University,"4,264",L
Belarusian State University of Informatics and Radioelectronics,417,L
Ben-Gurion University of The Negev,1.755,L
Benemérita Universidad Autónoma de Puebla,283,XL
Bielefeld University,1.817,L
Bilkent University,790,M
Bina Nusantara University (BINUS),593,L
Binghamton University SUNY,1.833,L
"Birkbeck, University of London",3.214,M
"Birla Institute of Technology and Science, Pilani",289,L
Birmingham City University,"6,130",L
Birzeit university,530,M
Bogaziçi Üniversitesi,387,L
Bogor Agricultural University,745,L
Bond University,1.302,S
Boston College,1.471,L
Boston University,"8,159",L
Bournemouth University,3,L
BRAC University,179,M
Brandeis University,2,M
Brigham Young University,"1,163",XL
British University in Egypt,319,M
Brno University of Technology,4.562,L
Brock University,"2,187",L
Brown University,"2,002",M
Brunel University London,5.305,L
Budapest University of Technology and Economics,1.988,L
Ca' Foscari University of Venice,1.333,L
Cairo University,10,XL
California Institute of Technology (Caltech),692,S
Canadian University Dubai,767,S
Canterbury Christ Church University,"1,522",M
Cardiff University,"7,819",L
Carleton University,5.371,L
Carnegie Mellon University,"5,739",L
Case Western Reserve University,"2,864",M
Catania University,230,L
Católica de Córdoba,387,M
Central Queensland University (CQUniversity Australia),3.884,M
Central South University,2,XL
Chalmers University of Technology,"2,502",M
Chang Gung University,381,M
Chang Jung Christian University,383,M
Charles Darwin University,2,M
Charles Sturt University,4.862,M
Charles University,"9,080",XL
Chiang Mai University,1.325,XL
Chiba University,736,L
China Agricultural University,245,L
China University of Geosciences,867,L
China University of Political Science and Law,906,L
Chongqing University,880,XL
Chonnam National University,1.609,L
Christian-Albrechts-University zu Kiel,2.161,L
Chulalongkorn University,985,XL
Chung Yuan Christian University,"1,246",L
Chung-Ang University (CAU),3.099,L
Chungbuk National University,875,L
Chungnam National University,1.837,L
City University of Hong Kong,"5,331",M
City University of New York,6.462,XL
"City, University of London",7.362,L
Clark University,853,S
Clarkson University,384,S
Clemson University,1.418,L
College of William and Mary,729,M
Colorado School of Mines,627,M
Colorado State University,1.547,L
Columbia University,"11,252",L
Comenius University in Bratislava,3,L
Complutense University of Madrid,"7,295",XL
COMSATS University Islamabad,417,XL
Concordia University,11.717,XL
Cornell University,"5,675",L
Corvinus University of Budapest,1.332,L
Coventry University,15.552,XL
Cracow University of Technology (Politechnika Krakowska),284,L
Cukurova University,"2,067",XL
Curtin University,"4,565",L
CY Cergy Paris University,1.789,M
Czech Technical University in Prague,3,L
Czech University of Life Sciences in Prague,3.113,L
Dalhousie University,"4,483",L
Dalian University of Technology,1.128,XL
Damascus University,"2,184",XL
Dankook University,1.122,L
Dartmouth College,997,M
De La Salle University,356,L
De Montfort University,9,L
Deakin University,"10,684",XL
Delft University of Technology,"6,104",L
Diponegoro University,741,XL
Dokuz Eylül Üniversitesi,110,XL
Don State Technical University,"2,627",L
Dongguk University,2,L
Doshisha University,"1,213",L
Drexel University,3,L
Dublin City University,1.415,L
Duke University,"3,445",L
Durham University,"6,174",L
East China Normal University,3.697,L
East China University of Science and Technology,574,L
Eberhard Karls Universität Tübingen,"2,872",L
Ecole des Ponts ParisTech,735,S
École Normale Supérieure de Lyon,233,S
Edinburgh Napier University,4,L
Edith Cowan University,4.815,L
EGE UNIVERSITY,"1,697",XL
Eindhoven University of Technology,"1,872",M
Emory University,"2,264",L
Eötvös Loránd University,4,L
EPFL,"6,426",M
Erasmus University Rotterdam,"5,932",L
Escuela Politécnica Nacional,80,M
Escuela Superior Politécnica del Litoral (ESPOL),112,M
"Essex, University of",6.124,L
ETH Zurich - Swiss Federal Institute of Technology,"7,733",L
Ewha Womans University,2.105,L
Far Eastern Federal University,3.262,L
Feng Chia University,"1,425",L
Financial University under the Government of the Russian Federation,1.262,L
Flinders University,5.981,L
Florida Atlantic University - Boca Raton,998,L
Florida International University,4,XL
Florida State University,2,XL
Fordham University,1.982,L
Free University of Bozen-Bolzano,621,S
Freie Universitaet Berlin,"6,659",XL
Friedrich-Alexander-Universität Erlangen-Nürnberg,"4,943",XL
Fu Jen Catholic University,"2,059",L
Fudan University,"5,322",L
Gadjah Mada University,738,XL
Gazi Üniversitesi,"1,067",XL
Gdańsk University of Technology,488,L
George Mason University,3,L
George Washington University,4.024,L
Georgetown University,"3,286",L
Georgia Institute of Technology,"5,675",L
Georgia State University,1.756,XL
German Jordanian University,537,S
German University in Cairo,49,L
Ghent University,"4,609",XL
Gifu University,290,M
Glasgow Caledonian University,"2,753",L
Goethe-University Frankfurt am Main,6.749,XL
"Goldsmiths, University of London",3,M
Graz University of Technology,"1,473",M
Griffith University,"5,875",XL
Gulf University for Science and Technology,332,S
Gunma University,247,M
Gwangju Institute of Science and Technology (GIST),122,S
Hacettepe University,1.258,XL
Hallym University,431,M
Hanoi University of Science and Technology,146,XL
Hanyang University,"3,455",L
Harbin Engineering University,783,L
Harbin Institute of Technology,"2,102",XL
Harper Adams University,297,S
Harvard University,"5,877",L
Hasselt University,736,M
Helwan University,"2,297",XL
Heriot-Watt University,"3,536",M
Hiroshima University,1.68,L
Hitotsubashi University,802,M
Hokkaido University,"1,984",L
Holy Spirit University of Kaslik,889,M
Hong Kong Baptist University,"4,704",M
Hongik University,"1,579",L
Howard University,531,M
HSE University,"4,535",XL
Huazhong University of Science and Technology,2.796,XL
HUFS - Hankuk (Korea) University of Foreign Studies,2.933,L
Humboldt-Universität zu Berlin,"5,239",XL
Hunan University,1.191,XL
IE University,"3,917",S
Illinois Institute of Technology,2.33,M
Imam Abdulrahman Bin Faisal University (IAU) (formerly UNIVERSITY OF DAMMAM),759,L
Imam Mohammad Ibn Saud Islamic University – IMSIU,"6,038",XL
Immanuel Kant Baltic Federal University,1.028,M
Imperial College London,"11,143",L
"Indian Institute of Information Technology, Allahabad",27,S
Indian Institute of Science,5,S
Indian Institute of Technology Bhubaneswar,1,S
Indian Institute of Technology Bombay (IITB),116,M
Indian Institute of Technology Delhi (IITD),100,M
Indian Institute of Technology Guwahati (IITG),42,M
Indian Institute of Technology Hyderabad,29,S
Indian Institute of Technology Kanpur (IITK),29,M
Indian Institute of Technology Kharagpur (IIT-KGP),27,M
Indian Institute of Technology Madras (IITM),94,M
Indian Institute of Technology Roorkee (IITR),202,M
Indiana State University,340,M
Indiana University Bloomington,"3,722",XL
Indiana University–Purdue University Indianapolis,1,L
Inha University,1.533,L
Institut National des Sciences Appliquées de Lyon (INSA),1.795,M
Institut Polytechnique de Paris,"2,413",M
Institut Teknologi Sepuluh Nopember (ITS Surabaya),719,L
Instituto Politécnico Nacional (IPN),463,XL
Instituto Tecnológico Autónomo de México (ITAM),65,M
Instituto Tecnológico de Buenos Aires (ITBA),333,S
International Christian University,362,S
International Islamic University Malaysia (IIUM),6.159,L
Iowa State University,2.441,L
Iran University of Science and Technology,138,L
Irkutsk State University,589,L
Islamic University of Madinah,7.297,L
Istanbul Aydin University,"3,456",L
Istanbul Bilgi Üniversitesi,"1,261",M
Istanbul Technical University,3.196,L
Istanbul University,7.072,XL
"ITESO, Universidad Jesuita de Guadalajara",87,M
ITMO University,2,M
Ivan Franko National University of Lviv,298,L
Ivane Javakhishvili Tbilisi State University,662,L
Izmir Institute of Technology (IZTECH),159,M
Jadavpur University,67,M
Jagiellonian University,"2,907",XL
James Cook University,1,M
Jamia Hamdard,338,M
Jamia Millia Islamia,259,M
Jawaharlal Nehru University,240,M
Jeju National University,579,M
Jeonbuk National University,1.371,L
Jilin University,1.57,XL
Jinan University (China),11.95,XL
Johannes Gutenberg Universität Mainz,3.605,XL
Johannes Kepler University Linz,774,M
Johns Hopkins University,"5,070",L
Jordan University of Science & Technology,3,L
Jouf University,614,L
Julius-Maximilians-Universität Würzburg,1.951,L
Justus-Liebig-University Giessen,2.291,L
Kagoshima University,343,M
KAIST - Korea Advanced Institute of Science & Technology,869,M
Kanazawa University,567,M
Kangwon National University,596,L
Kansas State University,1.481,L
Karaganda State Technical University,430,M
Karl-Franzens-Universitaet Graz,3,L
Kasetsart University,671,XL
Kaunas University of Technology,656,M
Kazakh Ablai Khan University of International Relations and World Languages,264,M
Kazakh National Agrarian University KazNAU,952,M
Kazakh-British Technical University,79,S
Kazan (Volga region) Federal University,8.375,L
Kazan National Research Technological University,2.323,L
Keele University,1.392,M
Keio University,"3,101",XL
Kent State University,"1,465",L
Khalifa University,652,S
Khon Kaen University,1.185,XL
Kindai University (Kinki University),497,XL
King Abdulaziz University (KAU),"6,821",XL
King Fahd University of Petroleum & Minerals,782,M
King Faisal University,681,XL
King Khalid University,1.171,XL
King Mongkut's Institute of Technology Ladkrabang,307,L
King Mongkut's University of Technology Thonburi,322,L
King Saud University,"3,896",XL
King's College London,"15,075",L
"Kingston University, London",6.608,L
"KIT, Karlsruhe Institute of Technology","5,030",L
Kobe University,1.216,L
Koç University,368,M
Konkuk University,2.065,L
Kookmin University,"2,405",L
Korea University,"3,325",L
KTH Royal Institute of Technology,"3,057",L
KU Leuven,"8,485",XL
Kumamoto University,359,M
Kuwait University,"5,235",XL
Kyoto Institute of Technology,361,S
Kyoto University,"2,863",L
Kyung Hee University,"4,715",L
Kyungpook National University,1.712,L
Kyushu Institute of Technology,290,M
Kyushu University,"2,125",L
L.N. Gumilyov Eurasian National University (ENU),1.077,L
La Trobe University,9,L
Lahore University of Management Sciences (LUMS),57,S
Lancaster University,"5,557",L
Lanzhou University,391,XL
Lappeenranta-Lahti University of Technology LUT,399,S
Lebanese American University,1.516,M
Lebanese University,7.754,XL
Leeds Beckett University,"1,247",L
Lehigh University,1,M
Leibniz University Hannover,4.157,L
Leiden University,"6,064",XL
Lincoln University,898,S
"Lingnan University, Hong Kong",983,S
Linköping University,2.514,L
Liverpool John Moores University,3,L
Lobachevsky University,2,L
Lodz University of Technology,473,L
Lomonosov Moscow State University,"5,476",XL
London Metropolitan University,3.625,M
London South Bank University,5,L
Loughborough University,"4,540",L
Louisiana State University,1,XL
Loyola University Chicago,726,L
Lucian Blaga University of Sibiu,302,L
Ludwig-Maximilians-Universität München,"5,958",XL
Lund University,"6,682",L
Lviv Polytechnic National University,250,L
Maastricht University,"10,425",L
Macau University of Science and Technology,8.869,M
Macquarie University,"8,621",L
Mahidol University,"1,415",L
Makerere University,"2,694",XL
Management and Science University,1.621,M
Manchester Metropolitan University (MMU),5.512,L
"Manipal Academy of Higher Education, Manipal, Karnataka, India",1,L
Mansoura University,"5,042",XL
Marmara University,"2,816",XL
Marquette University,367,M
Martin-Luther-Universität Halle-Wittenberg,1.682,L
Masaryk University,7.3,L
Massachusetts Institute of Technology (MIT),"3,730",M
Massey University,"4,836",M
Maynooth University,1.335,M
McGill University,"10,827",L
McMaster University,"5,386",L
Meiji University,"1,592",XL
Memorial University of Newfoundland,3.4,L
Mendel University in Brno,1.607,M
Mendeleev University of Chemical Technology,385,M
MGIMO School of Business and International Proficiency,1.517,M
Miami University,"2,260",L
Michigan State University,"5,795",XL
Michigan Technological University,694,M
Middle East Technical University,2,L
Middlesex University,8.159,L
MIREA - Russian Technological University,"1,009",L
Mississippi State University,730,L
Missouri University of Science and Technology,557,M
Monash University,"31,049",XL
Moscow City University,638,L
Moscow Institute of Physics and Technology (MIPT / Moscow Phystech),"1,153",M
Moscow Pedagogical State University,"2,189",L
Multimedia University (MMU),943,M
Murdoch University,3,L
Mustansiriyah University,"1,505",XL
Mutah University,"1,807",M
Nagasaki University,439,M
Nagoya Institute of Technology (NIT),280,M
Nagoya University,"1,879",L
Nanjing University,"2,513",XL
Nanjing University of Aeronautics and Astronautics,1.076,XL
Nanjing University of Science and Technology,935,L
Nankai University,1,XL
"Nanyang Technological University, Singapore (NTU)","6,091",L
National and Kapodistrian University of Athens,6.228,XL
National Central University,1.098,M
National Cheng Kung University (NCKU),"2,656",L
National Chengchi University,1.866,M
National Chung Cheng University,650,M
National Chung Hsing University,957,L
National Dong Hwa University,804,M
National Research Nuclear University MEPhI (Moscow Engineering Physics Institute),"1,590",M
National Research Saratov State University,1.109,M
National Research Tomsk Polytechnic University,2.757,M
National Research University Moscow Power Engineering Institute (MPEI),"1,793",M
National Sun Yat-sen University,757,M
National Taipei University,424,M
National Taipei University of Technology,1,M
National Taiwan Normal University,1.499,M
National Taiwan Ocean University,551,M
National Taiwan University (NTU),"5,058",L
National Taiwan University of Science and Technology (Taiwan Tech),"1,537",M
"National Technical University  ""Kharkiv Polytechnic Institute""","1,257",M
National Technical University of Athens,846,L
"National Technical University of Ukraine ""Igor Sikorsky Kyiv Polytechnic Institute""",590,L
National Tsing Hua University,"1,551",L
National University of Ireland Galway,"3,208",L
National University of Kyiv-Mohyla Academy (NaUKMA),33,S
National University of Sciences And Technology (NUST) Islamabad,563,M
National University of Singapore (NUS),"7,551",XL
National Yang Ming Chiao Tung University,"1,475",L
New Jersey Institute of Technology (NJIT),2.874,M
New York University (NYU),"16,218",XL
Newcastle University,"8,100",L
Nicolaus Copernicus University,689,L
Niigata University,457,L
NJSC KIMEP University,274,S
North Carolina State University,"3,156",L
North South University,313,L
North-West University,"1,016",XL
Northeastern University,7.595,L
Northern Arizona University,"1,162",L
Northumbria University at Newcastle,5.422,L
Northwest University (China),1.009,L
Northwestern Polytechnical University,1,XL
Northwestern University,"3,846",L
Norwegian University of Science And Technology,2.95,XL
Notre Dame University-Louaize NDU,618,S
Nottingham Trent University,7.07,XL
Novosibirsk State Technical University,2.285,M
Novosibirsk State University,"1,623",M
O.P. Jindal Global University,25,M
Ohio University,977,L
Okayama University,813,L
Oklahoma State University,1.617,L
Oregon State University,3,L
Osaka City University,335,M
Osaka Prefecture University,299,M
Osaka University,"2,268",L
OSMANIA UNIVERSITY,572,M
Oxford Brookes University,3,L
Pakistan Institute of Engineering and Applied Sciences (PIEAS),,S
Palacký University Olomouc,2.177,L
Panjab University,43,L
Paris Lodron University of Salzburg,5,L
Paul Valéry University Montpellier,,L
Pavol Jozef Šafárik University in Košice,1.548,M
Peking University,"5,436",XL
Pennsylvania State University,"6,943",XL
Perm State National Research University,435,M
Peter the Great St. Petersburg Polytechnic University,5,L
Philipps-Universität Marburg,3.133,L
Plekhanov Russian University of Economics,2,L
Pohang University of Science And Technology (POSTECH),87,S
Politecnico di Bari,149,S
Politecnico di Milano,"7,452",XL
Politecnico di Torino,5,XL
Pondicherry University,40,M
Pontificia Universidad Católica Argentina,"1,063",L
Pontificia Universidad Católica de Chile (UC),"1,072",L
Pontificia Universidad Católica de Valparaíso,174,L
Pontificia Universidad Católica del Ecuador (PUCE),204,L
Pontificia Universidad Catolica del Peru,292,L
Pontificia Universidad Javeriana,415,L
Pontifícia Universidade Católica de São Paulo,61,M
Pontifícia Universidade Católica do Paraná,141,M
Pontifícia Universidade Católica do Rio de Janeiro,169,M
Pontifícia Universidade Católica do Rio Grande do Sul (PUCRS),147,L
Portland State University,"1,230",L
Poznań University of Technology,410,L
Prince Mohammad Bin Fahd university,373,S
Prince of Songkla University,685,XL
Princess Nourah bint Abdulrahman University,4.408,L
Princess Sumaya University for Technology,389,S
Princeton University,"1,912",M
Pukyong National University,"1,036",L
Purdue University,"8,034",XL
Pusan National University,1.63,L
Qassim University,2.901,XL
Qatar University,"3,197",M
Quaid-i-Azam University,115,L
"Queen Margaret University , Edinburgh",1.254,S
Queen Mary University of London,"8,625",L
Queen's University at Kingston,"3,858",L
Queen's University Belfast,"7,397",L
Queensland University of Technology (QUT),"6,403",XL
Radboud University,"2,781",L
Renmin (People's) University of China,786,L
Rensselaer Polytechnic Institute,1.594,M
Rheinische Friedrich-Wilhelms-Universität Bonn,"3,276",L
Rhodes University,1,M
Rice University,"2,278",M
Riga Stradins University,2.273,M
Riga Technical University,2.197,M
Rikkyo University,"1,318",L
Ritsumeikan University,2.697,XL
RMIT University,"11,743",XL
Robert Gordon University,2.387,M
Rochester Institute of Technology (RIT),"1,586",L
Royal Holloway University of London,3.705,M
RUDN University,"8,319",L
Ruhr-Universität Bochum,7,XL
Ruprecht-Karls-Universität Heidelberg,"4,048",L
Russian Presidential Academy of National Economy and Public Administration,1,XL
Russian State Agrarian University - Moscow Timiryazev Agricultural Academy,631,M
Russian State University for the Humanities,475,M
Rutgers University–New Brunswick,"7,965",XL
Rutgers University–Newark,1.246,M
RWTH Aachen University,"12,477",XL
Ryerson University,1,XL
S. Toraighyrov Pavlodar State University,16,M
S.D. Asfendiyarov Kazakh National Medical University,2.056,M
Sabanci University,410,S
Saint Joseph University of Beirut (USJ),955,M
Saint Petersburg Electrotechnical University ETU-LETI,1.723,M
Saint Petersburg State University,"4,982",L
Saint-Petersburg Mining University,869,M
Saitama University,510,M
Sakarya University,"4,169",XL
Saken Seifullin Kazakh Agrotechnical University,611,L
Samara National Research University (Samara University),1,M
San Diego State University,"2,092",XL
Sapienza University of Rome,"5,960",XL
Satbayev University,131,M
Savitribai Phule Pune University,135,S
Sciences Po,"4,841",M
Seattle University,702,M
Sechenov University,3.048,L
Sejong University,2,L
Seoul National University,"1,914",L
Seoul National University of Science and Technology,722,M
Shahid Beheshti University (SBU),268,L
Shandong University,2,XL
Shanghai International Studies University,499,L
Shanghai Jiao Tong University,"6,371",XL
Shanghai University,2.195,XL
Shanghai University of Finance and Economics,656,L
Sharif University of Technology,198,M
Sheffield Hallam University,"3,201",L
Shenzhen University,465,XL
Shibaura Institute of Technology,943,M
Shinshu University,387,M
Shiraz University,128,L
"Siberian Federal University, SibFU","1,193",M
Sichuan University,2.714,XL
Siksha 'O' Anusandhan (Deemed to be University),215,L
Silesian University of Technology,270,L
Simon Fraser University,"8,051",L
Singapore Management University,2.04,M
Slovak University of Agriculture in Nitra,163,M
Slovak University of Technology in Bratislava,375,L
Smith College,368,S
SOAS University of London,2,S
"Sofia University ""St. Kliment Ohridski""",1.564,L
Sogang University,1.429,M
Soochow University,1,XL
Soochow University (Taiwan),681,L
Sookmyung Women's University,137,M
Sophia University,1.786,L
Sorbonne University,"8,782",XL
South China University of Technology,1.688,XL
South Ural State University (National Research University),2,L
Southeast University,1.5,XL
Southern Cross University,3.034,M
Southern Federal University,2.905,L
Southern Methodist University,1.213,M
Southern University of Science and Technology,88,M
Southwest University,519,XL
SRM INSTITUTE OF SCIENCE AND TECHNOLOGY,877,XL
Stanford University,"3,879",L
Stefan cel Mare University of Suceava,"1,291",M
Stellenbosch University,2,L
Stevens Institute of Technology,1.919,M
Stockholm University,"7,567",L
"Stony Brook University, State University of New York",6.198,L
Sudan University of Science and Technology,709,XL
Suez Canal University,493,XL
Sultan Qaboos University,248,M
Sumy State University,1.677,M
Sun Yat-sen University,"3,127",XL
Sungkyunkwan University (SKKU),"3,821",L
Sunway University,703,S
Suranaree University of Technology,167,L
Swansea University,3.641,L
Swinburne University of Technology,"4,000",L
Syracuse University,3.571,L
Széchenyi István University,485,M
Szent Istvan University,1.55,M
Taibah University,"1,435",XL
Taipei Medical University (TMU),614,M
Tallinn University,824,M
Tallinn University of Technology (TalTech),1.29,M
Tamkang University,"1,883",L
Tampere University,996,L
Tanta University,"2,310",XL
Taras Shevchenko National University of Kyiv,1.545,L
Taylor's University,2,S
Technical University of Cluj-Napoca,471,L
Technical University of Darmstadt,"3,979",L
Technical University of Denmark,"2,495",M
Technical University of Kosice,1.844,M
Technical University of Liberec,412,M
Technical University of Lublin,707,M
Technical University of Munich,"11,447",XL
Technion - Israel Institute of Technology,526,L
Technische Universität Berlin (TU Berlin),"6,464",L
Technische Universität Braunschweig,2.941,L
Technische Universität Dresden,"5,167",XL
Technische Universität Wien,"2,515",M
Technological University Dublin,4.118,L
Tecnológico de Costa Rica -TEC,134,M
Tecnológico de Monterrey,"3,514",XL
Tel Aviv University,"1,294",L
Telkom University,458,L
Temple University,2.097,XL
Texas A&M University,"6,621",XL
Texas Tech University,2.196,XL
Thammasat University,422,L
Thapar Institute of Engineering & Technology,134,M
"The ""Gheorghe Asachi"" Technical University of Iasi",893,L
The American University in Cairo,213,M
The Australian National University,"6,496",L
The Catholic University of Korea,370,M
The Chinese University of Hong Kong (CUHK),"6,062",L
The Hashemite University,"1,187",L
The Hebrew University of Jerusalem,"1,176",L
The Herzen State Pedagogical University of Russia,"2,858",L
The Hong Kong Polytechnic University,"5,774",L
The Hong Kong University of Science and Technology,"3,033",M
The Josip Juraj Strossmayer University of Osijek,,L
The London School of Economics and Political Science (LSE),"8,274",M
"The National Research University ""Belgorod State University""","2,241",M
The National University of Science and Technology MISIS,2,M
The New School,3.599,M
The Ohio State University,"7,029",XL
The University of Adelaide,"10,107",L
The University of Alabama,1.283,XL
The University of Arizona,"3,526",XL
The University of Auckland,"9,924",L
The University of Edinburgh,"14,637",XL
The University of Exeter,"7,188",L
The University of Georgia,1.879,XL
The University of Hong Kong,"8,311",L
The University of Lahore,644,XL
The University of Manchester,"16,079",XL
The University of Melbourne,"21,406",S
The University of New South Wales (UNSW Sydney),"21,603",XL
"The University of Newcastle, Australia (UON)","1,747",L
The University of Northampton,"3,444",M
"The University of Notre Dame, Australia",187,M
The University of Queensland,"22,241",XL
The University of Sheffield,"11,090",L
The University of Sydney,"25,940",XL
"The University of Tennessee, Knoxville","1,156",XL
The University of Texas at Arlington,"4,106",XL
The University of Tokyo,"3,983",L
The University of Warwick,"10,459",L
The University of Western Australia,"9,017",L
Tianjin University,3.425,L
Tilburg University,2.189,M
Tohoku University,"1,872",L
Tokai University,991,L
Tokushima University,205,M
Tokyo Institute of Technology (Tokyo Tech),"1,622",M
Tokyo Medical and Dental University (TMDU),325,S
Tokyo Metropolitan University,562,M
Tokyo University of Agriculture and Technology,335,M
Tokyo University of Science,555,L
Tomas Bata University in Zlin,810,M
Tomsk State University,"2,828",M
Ton Duc Thang University,378,L
Tongji University,"5,095",XL
Transilvania University of Brasov,294,L
"Trinity College Dublin, The University of Dublin","5,593",L
Tsinghua University,"5,420",XL
TU Dortmund University,2.405,L
Tufts University,"1,798",M
Tulane University,1,M
Tunghai University,"1,577",L
UCL,"21,824",XL
UCSI University,2,M
Ufa State Aviation Technical University,180,M
Ulm University,1,M
Ulsan National Institute of Science and Technology (UNIST),355,S
Ulster University,2,L
Umea University,1.186,L
Umm Al-Qura University,4,XL
UNESP,1,XL
United Arab Emirates University,"1,238",M
Universidad Adolfo Ibáñez,479,M
Universidad Anáhuac México,507,L
Universidad Andrés Bello,708,XL
Universidad Austral,334,S
Universidad Austral de Chile,312,L
Universidad Autonoma Chapingo,,M
Universidad Autónoma de Baja California,"1,825",XL
Universidad Autónoma de Chile,149,L
Universidad Autónoma de Madrid,"2,470",L
Universidad Autónoma de Nuevo León,478,XL
Universidad Autónoma de Querétaro (UAQ),305,L
Universidad Autónoma de San Luis de Potosí,255,XL
Universidad Autonoma de Yucatan,45,L
Universidad Autónoma del Estado de Hidalgo (UAEH),352,L
Universidad Autónoma del Estado de México (UAEMex),217,XL
Universidad Autónoma del Estado de Morelos (UAEM),88,L
Universidad Autónoma Metropolitana (UAM),291,XL
Universidad Bernardo O'Higgins,109,M
Universidad Carlos III de Madrid (UC3M),2.11,L
Universidad Católica Andres Bello,204,L
"Universidad Católica Boliviana ""San Pablo""",439,L
Universidad Católica de Colombia,53,M
Universidad Católica de Santiago de Guayaquil,10,L
Universidad Católica del Norte,259,M
Universidad Católica del Uruguay (UCU),68,S
"Universidad Central ""Marta Abreu"" de Las Villas",108,M
Universidad Central de Venezuela,,XL
Universidad Central del Ecuador,,L
Universidad de Alcalá,4.56,L
Universidad de Antioquia,212,XL
Universidad de Belgrano,758,M
Universidad de Buenos Aires (UBA),"29,516",XL
Universidad de Castilla-La Mancha,"1,005",L
Universidad de Chile,"1,697",XL
Universidad de Concepción,554,L
Universidad de Córdoba - Colombia,,L
Universidad de Costa Rica,,XL
Universidad de Guadalajara (UDG),536,XL
Universidad de Guanajuato,402,L
Universidad de La Frontera (UFRO),70,M
Universidad de La Habana,564,L
Universidad de la República (Udelar),2,XL
Universidad de La Sabana,290,L
Universidad de La Salle,98,M
Universidad de La Serena,53,M
Universidad de las Américas Puebla (UDLAP),429,M
Universidad de las Fuerzas Armadas ESPE (Ex - Escuela Politécnica del Ejército),53,L
Universidad de Lima,264,L
Universidad de los Andes,151,L
Universidad de Los Andes - (ULA) Mérida,468,L
Universidad de los Andes - Chile,200,M
Universidad de Medellín,183,M
Universidad de Monterrey (UDEM),136,M
Universidad de Montevideo (UM),76,S
Universidad de Oviedo,,L
Universidad de Palermo (UP),2.049,M
Universidad de Panamá - UP,"1,655",XL
Universidad de Puerto Rico,448,XL
Universidad de San Andrés - UdeSA,100,S
Universidad de Santiago de Chile (USACH),503,L
Universidad de Sevilla,5.462,XL
Universidad de Sonora,386,XL
Universidad de Talca,80,M
Universidad de Valparaíso (UV),158,L
Universidad de Zaragoza,2.216,L
Universidad del Bío-Bío,91,L
Universidad del Desarrollo (UDD),253,L
Universidad del Norte,80,L
Universidad del Pacífico,26,S
Universidad del Rosario,119,M
Universidad del Salvador,935,L
Universidad del Valle,5,XL
Universidad Diego Portales (UDP),483,L
Universidad EAFIT,421,L
Universidad Externado de Colombia,142,M
Universidad Iberoamericana IBERO,379,L
Universidad ICESI,122,M
Universidad Industrial de Santander - UIS,130,L
Universidad Mayor de San Andrés (UMSA),116,XL
Universidad Metropolitana,41,M
Universidad Nacional Agraria la Molina,179,M
Universidad Nacional Autónoma de Honduras (UNAH),,XL
Universidad Nacional Autónoma de México  (UNAM),"5,110",XL
Universidad Nacional Costa Rica,418,L
Universidad Nacional de Colombia,335,XL
Universidad Nacional de Córdoba - UNC,1.846,XL
Universidad Nacional de Cuyo,"3,781",XL
Universidad Nacional de la Asunción,531,XL
Universidad Nacional de La Plata (UNLP),7.04,XL
Universidad Nacional de Mar del Plata,,L
Universidad Nacional de Quilmes,376,L
Universidad Nacional de Río Cuarto - UNRC,,L
Universidad Nacional de Rosario (UNR),,XL
Universidad Nacional de San Luis,,L
Universidad Nacional de San Martín (UNSAM),806,L
Universidad Nacional de Tucumà¡n,,XL
Universidad Nacional del Centro de la Provincia de Buenos Aires (UNICEN),,L
Universidad Nacional del Litoral,121,XL
Universidad Nacional del Sur,,L
Universidad Nacional Mayor de San Marcos,,XL
Universidad ORT Uruguay,62,S
Universidad Panamericana (UP),125,L
Universidad Peruana Cayetano Heredia (UPCH),189,M
Universidad Peruana de Ciencias Aplicadas,975,XL
Universidad Politécnica de Madrid (UPM),5.319,XL
Universidad Pontificia Bolivariana,276,M
Universidad Pontificia Comillas,478,M
Universidad Rey Juan Carlos,"2,999",XL
Universidad San Francisco de Quito (USFQ),159,M
Universidad San Ignacio de Loyola,221,L
Universidad Simón Bolívar (USB),3,M
Universidad Técnica Federico Santa María (USM),717,L
Universidad Tecnológica de Bolívar,35,M
"Universidad Tecnológica de la Habana José Antonio Echeverría, Cujae",494,M
Universidad Tecnológica de Panamá (UTP),869,L
Universidad Tecnológica de Pereira,13,L
Universidad Tecnológica Nacional (UTN),837,XL
Universidad Torcuato Di Tella,459,S
Universidade Católica Portuguesa - UCP,,M
Universidade da Coruña,693,L
Universidade de Brasília,1.262,XL
Universidade de Santiago de Compostela,1.334,L
Universidade de São Paulo,"1,858",XL
Universidade de Vigo,764,L
Universidade do Estado do Rio de Janeiro (UERJ),140,XL
Universidade Estadual de Campinas (Unicamp),944,L
Universidade Estadual de Londrina,117,L
Universidade Federal da Bahia,438,XL
Universidade Federal da Paraíba,162,XL
Universidade Federal de Goiás,214,XL
Universidade Federal de Juiz de Fora- (UFJF),,L
Universidade Federal de Minas Gerais,911,XL
Universidade Federal de Pelotas,,L
Universidade Federal de Pernambuco (UFPE),216,XL
Universidade Federal de Santa Catarina,593,XL
Universidade Federal de Santa Maria,195,L
Universidade Federal de São Carlos (UFSCar),276,L
Universidade Federal de São Paulo,153,L
Universidade Federal de Viçosa (UFV),289,L
Universidade Federal do Ceará (UFC),310,XL
Universidade Federal do Paraná - UFPR,91,XL
Universidade Federal do Rio de Janeiro,555,XL
Universidade Federal do Rio Grande Do Sul,560,XL
Universidade Federal Fluminense,799,XL
Universidade Nova de Lisboa,4.427,L
Università Cattolica del Sacro Cuore,"1,849",L
Università degli Studi della Tuscia (University of Tuscia),330,M
Università degli studi di Bergamo,"1,244",L
Università degli Studi di Pavia,1.751,L
Università degli Studi di Perugia,1.453,L
Università degli Studi di Udine,565,M
Università degli studi Roma Tre,"1,679",XL
Università di Padova,"2,654",XL
Università Vita-Salute San Raffaele,94,S
"Universita' degli Studi ""G. d'Annunzio"" Chieti Pescara",588,L
Universita' degli Studi di Ferrara,941,L
Universita' Politecnica delle Marche,468,M
Universitas Andalas,85,L
Universitas Brawijaya,633,XL
Universitas Hasanuddin,423,XL
Universitas Indonesia,"1,412",XL
Universitas Muhammadiyah Surakarta,91,L
Universitas Padjadjaran,314,XL
Universitas Sebelas Maret,231,L
Universitas Sumatera Utara,774,XL
Universität  Leipzig,3,L
Universitat Autònoma de Barcelona,"4,069",XL
Universität Bremen,2.267,L
Universitat de Barcelona,"6,979",XL
Universitat de Valencia,3.953,XL
Universität des Saarlandes,2.939,L
Universität Duisburg-Essen,"7,880",XL
Universität Hamburg,"3,626",L
Universität Innsbruck,"6,323",L
Universität Jena,2.307,L
Universität Konstanz,1.239,M
Universität Mannheim,1.29,M
Universitat Politècnica de Catalunya · BarcelonaTech (UPC),"3,101",L
Universitat Politècnica de València,2.589,L
Universitat Pompeu Fabra (Barcelona),"1,633",L
Universität Potsdam,2.719,L
Universitat Ramon Llull,2.877,L
Universität Regensburg,1.705,L
Universität Rostock,1.464,L
Universitat Rovira i Virgili,1.746,L
Universität Siegen,"2,301",L
Universität Stuttgart,3.028,L
Universitatea de Vest din Timisoara /  West University of Timisoara,799,L
Université catholique de Louvain (UCLouvain),"4,524",L
Université Claude Bernard Lyon 1,4,XL
Université Côte d'Azur,5.715,XL
Université de Caen Normandie,"1,976",L
Université de Fribourg,2.345,L
Université de Liège,4.381,L
Université de Lille,"7,963",XL
Université de Lorraine,"10,045",XL
Université de Montpellier,6,XL
Université de Montréal,"7,625",XL
Université de Nantes,"3,948",XL
Université de Paris,"11,387",XL
Université de Poitiers,"4,200",L
Université de Rennes 1,"2,480",L
Université de Sherbrooke,1.115,L
Université de Sousse,431,L
Université de Strasbourg,9.111,XL
Université de Toulouse II-Le Mirail,"4,000",XL
Université de Tunis,57,L
Université de Tunis El Manar,585,L
Université du Québec,3.057,L
Université Grenoble Alpes,"8,880",XL
Université Jean Moulin Lyon 3,"4,010",L
Université Laval,4,L
Universite libre de Bruxelles,"8,073",L
Université Lumière Lyon 2,"4,326",L
Université Mohammed V de Rabat,"2,441",XL
Université Paris 1 Panthéon-Sorbonne,"7,257",XL
Université Paris-Nanterre,350,XL
Université Paris-Saclay,"7,649",XL
Université Paul Sabatier Toulouse III,4,L
Université PSL,"4,922",L
Université Toulouse 1 Capitole,"4,534",L
Universiti Brunei Darussalam (UBD),635,S
Universiti Kebangsaan Malaysia (UKM),"2,410",L
Universiti Kuala Lumpur (UniKL),542,L
Universiti Malaya (UM),"3,340",L
Universiti Malaysia Pahang,711,M
Universiti Malaysia Perlis,477,M
Universiti Malaysia Sabah (UMS),705,L
Universiti Malaysia Sarawak (UNIMAS),885,L
Universiti Malaysia Terengganu (UMT),476,M
Universiti Putra Malaysia (UPM),"5,040",L
Universiti Sains Malaysia (USM),"4,198",L
Universiti Teknologi Brunei,,S
Universiti Teknologi Malaysia,"4,956",L
Universiti Teknologi MARA - UiTM,600,XL
Universiti Teknologi PETRONAS (UTP),639,M
Universiti Tenaga Nasional (UNITEN),652,S
Universiti Tunku Abdul Rahman (UTAR),342,L
Universiti Utara Malaysia (UUM),3,L
University at Albany SUNY,1.216,L
University at Buffalo SUNY,4.409,L
University College Cork,"3,002",L
University College Dublin,"6,118",L
University Duesseldorf,3.888,XL
University of Aberdeen,"5,544",L
"University of Agriculture, Faisalabad ",59,L
University of Alberta,"9,689",XL
University of Alicante,2,L
University of Amsterdam,"7,969",XL
University of Antwerp,"2,688",L
University of Arkansas Fayetteville,"1,134",L
University of Aveiro,,M
University of Babylon,24,L
University of Baghdad,96,XL
University of Bahrain,2.993,L
University of Balamand,544,S
University of Bari,535,XL
University of Basel,"2,875",M
University of Basrah,,XL
University of Bath,"5,326",L
University of Bayreuth,993,M
University of Belgrade,"4,610",XL
University of Bergen,832,M
University of Bern,"1,776",M
University of Bialystok,478,M
University of Birmingham,"10,457",XL
University of Bordeaux,6,XL
University of Bradford,2,M
University of Brescia,1,M
University of Brighton,3,L
University of Bristol,"7,483",L
University of British Columbia,"15,399",XL
University of Bucharest,718,XL
University of Calabria,796,L
University of Calcutta,103,L
University of Calgary,"6,791",XL
"University of California, Berkeley (UCB)","9,428",XL
"University of California, Davis","8,414",XL
"University of California, Irvine","9,323",XL
"University of California, Los Angeles (UCLA)","6,140",XL
"University of California, Riverside",2.034,L
"University of California, San Diego (UCSD)","8,567",XL
"University of California, Santa Barbara (UCSB)","4,309",L
"University of California, Santa Cruz",2.13,L
University of Cambridge,"7,925",L
University of Canberra,3.132,M
University of Canterbury | Te Whare Wānanga o Waitaha,"2,816",L
University of Cape Town,"3,204",L
University of Central Florida,3,XL
University of Central Lancashire,4.684,L
"University of Chemistry and Technology, Prague",864,S
University of Chicago,"4,696",L
University of Cincinnati,2.8,XL
University of Coimbra,4.477,L
University of Cologne,"4,890",XL
University of Colombo,107,L
University of Colorado Boulder,"2,441",XL
"University of Colorado, Denver ",1.274,L
University of Connecticut,4,L
University of Copenhagen,"4,135",XL
University of Crete,608,L
University of Cyprus (UCY),874,M
University of Debrecen,6.258,L
University of Delaware,2,L
University of Delhi,322,L
University of Denver,599,M
University of Derby,"2,764",L
University of Dhaka,48,XL
University of Dundee,"3,025",L
University of East Anglia (UEA),"3,541",L
University of East London,5.472,L
University of Eastern Finland,669,M
University of Electronic Science and Technology of China,960,XL
University of Engineering & Technology (UET) Lahore,681,L
University of Florence,4,XL
University of Florida,"4,143",XL
UNIVERSITY OF GDANSK,515,L
University of Geneva,"6,547",L
University of Genoa,2,L
University of Ghana,606,XL
University of Glasgow,"11,065",L
University of Gothenburg,"5,652",L
University of Göttingen,"3,875",XL
University of Granada,5.611,XL
University of Greenwich,7.04,L
University of Groningen,"9,397",XL
University of Guelph,2.202,L
University of Haifa,887,L
University of Hartford,412,M
University of Hawaiʻi at Mānoa,1.586,L
University of Helsinki,"1,254",L
University of Hertfordshire,7.499,L
University of Hohenheim,1,M
University of Houston,3,XL
University of Hradec Kralove,314,M
University of Huddersfield,4,L
University of Hull,2,L
University of Hyderabad,103,M
University of Illinois at Chicago (UIC),"3,425",L
University of Illinois at Urbana-Champaign,"9,987",XL
University of International Business and Economics,"2,611",L
University of Iowa,2.049,L
University of Johannesburg,4,L
University of Jordan,4.851,XL
University of Jyväskylä,339,M
University of Kansas,2,L
University of Karachi,107,XL
University of Kent,3.515,L
University of Kentucky,1.294,L
University of Khartoum,157,L
University of Klagenfurt,950,S
University of Kragujevac,25,L
University of Kufa,43,L
University of Kwazulu-Natal,493,XL
University of Latvia,871,L
University of Lausanne,"3,026",L
University of Leeds,"11,584",XL
University of Leicester,"4,919",L
University of Limerick,2,L
University of Lincoln,1.477,L
University of Lisbon,8.546,XL
University of Liverpool,"9,500",L
University of Ljubljana,2.702,XL
University of Lodz,1.759,L
University of Macau,3.921,M
University of Malta,816,M
University of Manitoba,4.77,XL
University of Maribor,859,L
"University of Maryland, Baltimore County",1,M
"University of Maryland, College Park","4,659",XL
University of Massachusetts Amherst,"3,696",L
University of Massachusetts Boston,1.527,L
University of Messina (UniME),396,L
University of Miami,"2,646",L
University of Michigan-Ann Arbor,"7,341",XL
University of Milan,"3,269",XL
University of Milano-Bicocca,2,XL
University of Minho,2.538,L
University of Minnesota Twin Cities,"5,630",XL
University of Miskolc,427,M
University of Mississippi,628,L
"University of Missouri, Columbia",1,L
"University of Missouri, Kansas City",817,M
University of Modena and Reggio Emilia,1.066,L
University of Mons,1,M
University of Montana Missoula,190,M
University of Mumbai,,S
University of Murcia,1.72,L
University of Nairobi,,XL
University of Naples - Federico II,128,XL
University of Naples Parthenope,151,M
University of Navarra,"2,978",M
University of Nebraska - Lincoln,2.805,L
University of New Brunswick,1.284,M
University of New England Australia,1.01,L
University of New Hampshire,768,L
University of New Mexico,870,L
University of Niš,"1,300",L
University of North Carolina at Charlotte,"1,661",L
"University of North Carolina, Chapel Hill","2,749",XL
University of North Texas,"2,420",XL
University of Notre Dame,"1,484",L
University of Nottingham,"9,659",XL
University of Novi Sad,,XL
University of Oklahoma,1.418,L
University of Oregon,1.74,L
University of Oslo,"2,560",L
University of Ostrava,679,M
University of Otago,"3,585",L
University of Ottawa,"8,885",XL
University of Oulu,579,M
University of Oxford,"8,442",L
University of Palermo,504,L
University of Pardubice,336,S
University of Parma,"1,801",L
University of Patras,"1,126",L
University of Pecs,4,L
University of Pennsylvania,"4,636",L
University of Peradeniya,129,L
University of Pisa,1.507,XL
University of Pittsburgh,"2,590",L
University of Plymouth,2.559,L
University of Porto,"3,783",L
University of Portsmouth,5.827,L
University of Pretoria,2.786,XL
University of Reading,"5,007",L
University of Rhode Island,417,L
University of Rijeka,132,L
University of Rochester,"3,644",M
"University of Rome ""Tor Vergata""",4,L
University of Salamanca,4.197,L
University of Salerno,455,L
University of Salford,"3,783",L
University of San Diego,638,M
University of San Francisco,"1,419",M
University of Santo Tomas,"1,723",L
University of Sarajevo,"1,003",XL
University of Saskatchewan,3,L
University of Science and Technology Beijing,818,L
University of Science and Technology of China,"1,019",L
University of Seoul,528,M
University of Sharjah,6.988,L
University of Siena,1.5,L
University of Silesia in Katowice,689,L
University of South Alabama (USA),287,L
University of South Australia,4.886,L
University of South Carolina,1.532,XL
University of South Florida,5.211,XL
University of Southampton,"8,417",L
University of Southern California,"9,107",XL
University of Southern Denmark (SDU),"2,511",L
University of Southern Queensland,2.111,M
University of Split,373,L
University of St Andrews,"4,377",M
University of St.Gallen (HSG),2.39,M
University of Stirling,2.563,M
University of Strathclyde,"5,397",L
University of Surrey,"5,556",L
University of Sussex,"6,350",L
University of Szeged,4,L
University of Tartu,"1,400",M
University of Tasmania,"5,260",L
University of Technology Sydney,"8,653",L
University of Tehran,787,XL
University of Texas at Austin,"4,953",XL
University of Texas at San Antonio,775,L
University of Texas Dallas,4.828,L
University of Texas El Paso,"1,351",L
University of the Basque Country,2,XL
University of the Pacific,389,M
University of the Philippines,292,XL
University of the Punjab,180,L
University of the Sunshine Coast,"3,089",L
University of the West of England,"5,698",L
University of the Western Cape,"1,067",L
University of Toronto,"27,536",XL
University of Trento,738,L
University of Trieste,1.287,L
University of Tromsø The Arctic University of Norway,1.134,L
University of Tsukuba,"2,358",L
University of Tulsa,550,S
University of Turin,5,XL
University of Turku,604,L
University of Twente,"3,872",L
University of Tyumen,"1,227",M
University of Ulsan,571,L
University of Utah,2.134,L
University of Vermont,546,L
University of Victoria (UVic),6.135,L
University of Vienna,"14,514",XL
University of Virginia,"2,201",L
University of Waikato,2,M
University of Warsaw,"2,892",XL
University of Washington,"7,362",XL
University of Waterloo,"10,269",XL
University of West Bohemia,,M
University of Westminster,8.591,L
University of Windsor,2.414,L
University of Wisconsin Milwaukee,"1,067",L
University of Wisconsin-Madison,"5,737",XL
University of Witwatersrand,1.885,L
University of Wollongong,"4,779",L
University of Wolverhampton,"3,073",L
University of Wroclaw,"1,417",L
University of Wyoming,564,M
University of York,"5,098",L
University of Zagreb,655,XL
University of Žilina,224,M
University of Zurich,"5,044",L
University Paris 2 Panthéon-Assas,,L
University POLITEHNICA of Bucharest,922,L
"University Politehnica of Timisoara, UPT",231,L
Uppsala University,"8,401",L
Ural Federal University - UrFU,5.089,L
USI - Università della Svizzera italiana,"1,864",S
Utah State University,331,L
Utrecht University,"4,454",XL
V. N. Karazin Kharkiv National University,4,L
Vanderbilt University,"2,022",L
Vellore Institute of Technology (VIT),848,XL
Verona University,726,L
Victoria University,5,L
Victoria University of Wellington,"3,668",L
Viet Nam National University Ho Chi Minh City (VNU-HCM),523,XL
"Vietnam National University, Hanoi ",545,XL
Vilnius Gediminas Technical University (VILNIUS TECH),1.19,M
Vilnius University,1.29,L
Virginia Commonwealth University,995,L
Virginia Polytechnic Institute and State University,4,XL
Voronezh State University,"2,585",L
Vrije Universiteit Amsterdam,"4,059",L
Vrije Universiteit Brussel (VUB),"2,994",L
VSB - Technical University of Ostrava,"1,449",M
Vytautas Magnus University,994,M
Wageningen University & Research,"4,131",L
Wake Forest University,805,M
Warsaw University of Life Sciences – SGGW (WULS-SGGW),"1,147",L
Warsaw University of Technology,1.839,L
Waseda University,"7,209",XL
Washington State University,1.731,L
Washington University in St. Louis,"3,535",L
Wayne State University,1.278,L
West Virginia University,"1,807",L
Western Michigan University,"1,664",L
Western Sydney University,7,XL
Western University,"6,314",L
Westfälische Wilhelms-Universität Münster,2.845,XL
Worcester Polytechnic Institute,837,M
Wroclaw University of Science and Technology (WRUST),"1,159",L
Wuhan University,"3,682",XL
Wuhan University of Technology,"1,477",XL
Xi'an Jiaotong Liverpool University,973,L
Xi’an Jiaotong University,"2,266",XL
Xiamen University,1,XL
Yale University,"2,537",M
Yamaguchi University,350,M
Yarmouk University,"2,826",XL
Yerevan State University,403,M
Yeshiva University,467,S
Yeungnam University,"1,661",L
Yildiz Technical University,"2,394",XL
Yokohama City University,108,M
Yokohama National University,839,M
Yonsei University,"4,274",L
York University,12,XL
Youngsan University,341,M
Yuan Ze University,543,M
Zagazig University,"2,300",XL
Zayed University,145,M
Zhejiang University,"9,177",XL